index,title,link,time
1,"[마켓PRO] 알고리즘 종목 Pick : ""테슬라, 로보택시 확장 계획""",https://www.hankyung.com/article/202507173859i,2025-07-17 15:24:18
https://img.hankyung.com/photo/202507/01.41079678.3.png
2,"美 곡물가격 쇼크…옥수수·대두, 17년 만에 최저 수준 [원자재 포커스]",https://www.hankyung.com/article/202507173391i,2025-07-17 15:24:18
https://img.hankyung.com/photo/202507/01.41141422.3.jpg
3,'파월 해임쇼' 진실은…트럼프가 TACO한 이유 [김현석의 월스트리트나우],https://www.hankyung.com/article/202507173328i,2025-07-17 15:24:18
https://img.hankyung.com/photo/202507/ZK.40938998.3.jpg
4,"트럼프,""파월 조만간 해임 가능성""부인…美증시 다시 반등",https://www.hankyung.com/article/202507173173i,2025-07-17 15:24:18
https://img.hankyung.com/photo/202507/ZA.41127159.3.jpg
5,"""트럼프, 임기 만료전 조만간 파월 해임 가능성""",https://www.hankyung.com/article/202507173167i,2025-07-17 15:24:18
https://img.hankyung.com/photo/202507/ZA.41127952.3.jpg
6,"인도 ""베트남·인도네시아 보다 낮은 19% 이하 관세율 기대""",https://www.hankyung.com/article/202507163148i,2025-07-17 15:24:18
https://img.hankyung.com/photo/202507/02.34145057.3.jpg
7,월가 은행 호실적 + 온건한 도매물가지표에…美증시 상승,https://www.hankyung.com/article/202507163138i,2025-07-17 15:24:18
https://img.hankyung.com/photo/202507/ZA.41117737.3.jpg
8,"中정부, 자국 전기차 '비이성적 경쟁' 규제 나서",https://www.hankyung.com/article/202507163121i,2025-07-17 15:24:18
https://img.hankyung.com/photo/202507/ZA.41060843.3.jpg
9,美 6월 생산자물가 연 2.3%…서비스비용 하락에 안정세,https://www.hankyung.com/article/202507163074i,2025-07-17 15:24:18
https://img.hankyung.com/photo/202507/ZA.41117746.3.jpg
10,"골드만삭스·모건스탠리, 월가 은행들 2분기에 줄호황",https://www.hankyung.com/article/202507163047i,2025-07-17 15:24:18
https://img.hankyung.com/photo/202507/ZA.41094541.3.jpg
